1,https://ac.qq.com/Comic/ComicInfo/id/638790,斗罗大陆4终极斗罗
2,https://ac.qq.com/Comic/ComicInfo/id/505430,航海王
3,https://ac.qq.com/Comic/ComicInfo/id/17114,尸兄（我叫白小飞）
4,https://ac.qq.com/Comic/ComicInfo/id/540627,通灵妃
5,https://ac.qq.com/Comic/ComicInfo/id/531490,一人之下
6,https://ac.qq.com/Comic/ComicInfo/id/630166,19天
7,https://ac.qq.com/Comic/ComicInfo/id/518333,狐妖小红娘
8,https://ac.qq.com/Comic/ComicInfo/id/511915,中国惊奇先生
9,https://ac.qq.com/Comic/ComicInfo/id/551072,英雄再临（英雄？我早就不当了）
10,https://ac.qq.com/Comic/ComicInfo/id/541812,西行纪
11,https://ac.qq.com/Comic/ComicInfo/id/512742,斗罗大陆
12,https://ac.qq.com/Comic/ComicInfo/id/552724,猫妖的诱惑
13,https://ac.qq.com/Comic/ComicInfo/id/531040,斗破苍穹
14,https://ac.qq.com/Comic/ComicInfo/id/636396,鸡汤皇后
15,https://ac.qq.com/Comic/ComicInfo/id/621058,我是大神仙
16,https://ac.qq.com/Comic/ComicInfo/id/636819,情兽不要啊！
17,https://ac.qq.com/Comic/ComicInfo/id/622286,晚上才是女孩子
18,https://ac.qq.com/Comic/ComicInfo/id/639131,万渣朝凰
19,https://ac.qq.com/Comic/ComicInfo/id/636817,师父又在撩我（燎刃）
20,https://ac.qq.com/Comic/ComicInfo/id/624570,传武
21,https://ac.qq.com/Comic/ComicInfo/id/549534,帝王侧
22,https://ac.qq.com/Comic/ComicInfo/id/521825,妖怪名单
23,https://ac.qq.com/Comic/ComicInfo/id/634961,琅寰书院
24,https://ac.qq.com/Comic/ComicInfo/id/639005,将军请出征
25,https://ac.qq.com/Comic/ComicInfo/id/539247,最后的召唤师
26,https://ac.qq.com/Comic/ComicInfo/id/630136,最强反套路系统
27,https://ac.qq.com/Comic/ComicInfo/id/635856,甜蜜禁忌
28,https://ac.qq.com/Comic/ComicInfo/id/547873,拾忆长安 ? 王爷
29,https://ac.qq.com/Comic/ComicInfo/id/622890,我才不是恶毒女配（麻辣女配）
30,https://ac.qq.com/Comic/ComicInfo/id/531475,妹子与科学
31,https://ac.qq.com/Comic/ComicInfo/id/519855,王牌御史
32,https://ac.qq.com/Comic/ComicInfo/id/552624,代嫁丞相
33,https://ac.qq.com/Comic/ComicInfo/id/632719,重生之都市修仙
34,https://ac.qq.com/Comic/ComicInfo/id/637865,敖敖待捕
35,https://ac.qq.com/Comic/ComicInfo/id/536658,百炼成神
36,https://ac.qq.com/Comic/ComicInfo/id/549352,化龙记
37,https://ac.qq.com/Comic/ComicInfo/id/630140,天籁音灵
38,https://ac.qq.com/Comic/ComicInfo/id/629503,全职法师
39,https://ac.qq.com/Comic/ComicInfo/id/620921,诞下龙种吧！
40,https://ac.qq.com/Comic/ComicInfo/id/641382,我的守护女友
41,https://ac.qq.com/Comic/ComicInfo/id/638837,半神之境
42,https://ac.qq.com/Comic/ComicInfo/id/634235,纯情陆少
43,https://ac.qq.com/Comic/ComicInfo/id/638841,天下第一宠
44,https://ac.qq.com/Comic/ComicInfo/id/633858,影帝X影帝
45,https://ac.qq.com/Comic/ComicInfo/id/627521,心跳300秒
46,https://ac.qq.com/Comic/ComicInfo/id/626727,苍白王座
47,https://ac.qq.com/Comic/ComicInfo/id/542330,驭灵师
48,https://ac.qq.com/Comic/ComicInfo/id/631226,我的反派女友
49,https://ac.qq.com/Comic/ComicInfo/id/525550,银之守墓人
50,https://ac.qq.com/Comic/ComicInfo/id/637861,风信花
51,https://ac.qq.com/Comic/ComicInfo/id/629440,武炼巅峰
52,https://ac.qq.com/Comic/ComicInfo/id/634724,我老婆是魔王大人
53,https://ac.qq.com/Comic/ComicInfo/id/637986,至尊神魔
54,https://ac.qq.com/Comic/ComicInfo/id/637171,朕也不想这样
55,https://ac.qq.com/Comic/ComicInfo/id/547921,铁姬钢兵
56,https://ac.qq.com/Comic/ComicInfo/id/636888,霸凰传说
57,https://ac.qq.com/Comic/ComicInfo/id/533395,妖神记
58,https://ac.qq.com/Comic/ComicInfo/id/638010,萌师在上
59,https://ac.qq.com/Comic/ComicInfo/id/641245,霸道小叔，请轻撩！
60,https://ac.qq.com/Comic/ComicInfo/id/639295,毒步天下：特工神医小兽妃
61,https://ac.qq.com/Comic/ComicInfo/id/635061,奥拉星·平行宇宙
62,https://ac.qq.com/Comic/ComicInfo/id/631605,百层塔
63,https://ac.qq.com/Comic/ComicInfo/id/634388,这个保镖有点萌
64,https://ac.qq.com/Comic/ComicInfo/id/635982,被废弃的皇妃
65,https://ac.qq.com/Comic/ComicInfo/id/524356,从前有座灵剑山
66,https://ac.qq.com/Comic/ComicInfo/id/633629,攻略妖男的一万种姿势
67,https://ac.qq.com/Comic/ComicInfo/id/542007,食色大陆
68,https://ac.qq.com/Comic/ComicInfo/id/530969,我的天劫女友
69,https://ac.qq.com/Comic/ComicInfo/id/636131,失忆娇妻宠爱记
70,https://ac.qq.com/Comic/ComicInfo/id/638657,月下有红绳
71,https://ac.qq.com/Comic/ComicInfo/id/622755,怪奇笔记
72,https://ac.qq.com/Comic/ComicInfo/id/630139,我的王还未成年
73,https://ac.qq.com/Comic/ComicInfo/id/637168,我的锦鲤少女
74,https://ac.qq.com/Comic/ComicInfo/id/638473,最强枭雄系统
75,https://ac.qq.com/Comic/ComicInfo/id/642048,氪金大佬
76,https://ac.qq.com/Comic/ComicInfo/id/623537,修真聊天群
77,https://ac.qq.com/Comic/ComicInfo/id/638610,捡个校花做老婆
78,https://ac.qq.com/Comic/ComicInfo/id/541360,神俑降临
79,https://ac.qq.com/Comic/ComicInfo/id/636596,拯救世界吧！大叔
80,https://ac.qq.com/Comic/ComicInfo/id/635832,狩人
81,https://ac.qq.com/Comic/ComicInfo/id/545320,非人哉
82,https://ac.qq.com/Comic/ComicInfo/id/636664,仙界归来
83,https://ac.qq.com/Comic/ComicInfo/id/636406,一品高手
84,https://ac.qq.com/Comic/ComicInfo/id/637859,只想触碰你
85,https://ac.qq.com/Comic/ComicInfo/id/552688,重生只为追影帝
86,https://ac.qq.com/Comic/ComicInfo/id/630998,我不是教主
87,https://ac.qq.com/Comic/ComicInfo/id/542724,王牌校草
88,https://ac.qq.com/Comic/ComicInfo/id/633249,武林之王的退隐生活
89,https://ac.qq.com/Comic/ComicInfo/id/630967,超神灵主
90,https://ac.qq.com/Comic/ComicInfo/id/628719,鬼医凤九
91,https://ac.qq.com/Comic/ComicInfo/id/630157,SQ
92,https://ac.qq.com/Comic/ComicInfo/id/635139,拾忆长安 ? 驸马
93,https://ac.qq.com/Comic/ComicInfo/id/639190,渡劫变成高校生
94,https://ac.qq.com/Comic/ComicInfo/id/633078,开局一把刀
95,https://ac.qq.com/Comic/ComicInfo/id/530955,戒魔人
96,https://ac.qq.com/Comic/ComicInfo/id/639586,武道独尊
97,https://ac.qq.com/Comic/ComicInfo/id/622180,无人之境
98,https://ac.qq.com/Comic/ComicInfo/id/535731,妖精种植手册
99,https://ac.qq.com/Comic/ComicInfo/id/642279,开局一条鲲
100,https://ac.qq.com/Comic/ComicInfo/id/641997,山海封神
